Subreddit,Direct Link,SFW/NSFW,Main Theme,Karma Req,Account Age Req,Key Content Rules,Self-Promo Rules,Posting Frequency,Caption Style Notes,VA Instructions,Notes
r/sfw_selfie,https://www.reddit.com/r/sfw_selfie/,SFW,SFW selfies,0,0,"SFW selfies only.","Profile only.","1/day.","'Feeling good'.","Start here.","Low scrutiny."
r/Selfies_Sfw,https://www.reddit.com/r/Selfies_Sfw/,SFW,Women selfies,0,0,"SFW women selfies.","No promo.","1/day.","'Casual snap'.","Gym selfies OK.","Active low req."
r/gymselfies,https://www.reddit.com/r/gymselfies/,SFW,Gym selfies,5,7 days,"Genuine gym pics.","No monetized.","1/day.","'Post workout'.","Mirror selfies.","Fitness newbies."
r/Sexy_But_SFW_Selfie,https://www.reddit.com/r/Sexy_But_SFW_Selfie/,SFW,Sexy SFW,0,0,"Clothed flirty.","Subtle.","Unlimited.","'Felt cute'.","Flirty clothed.","No rules."
r/SelfiesWithGlasses,https://www.reddit.com/r/SelfiesWithGlasses/,SFW,Glasses selfies,0,0,"Wear glasses.","No links.","1/day.","'New frames'.","Glasses shots.","Easy entry."
r/firstimpression,https://www.reddit.com/r/firstimpression/,SFW,First looks,0,0,"SFW first pics.","No promo.","1/day.","'New style'.","Outfit intros.","Low volume."
r/bodyposipanda,https://www.reddit.com/r/bodyposipanda/,SFW,Body positive,0,0,"Confidence pics.","No promo.","1/week.","'Loving me'.","Casual clothed.","Positive space."
r/longhair,https://www.reddit.com/r/longhair/,SFW,Long hair,0,0,"Hair selfies.","No promo.","1/day.","'Hair growth'.","Hair focus.","Hair community."
r/curlyhair,https://www.reddit.com/r/curlyhair/,SFW,Curly hair,0,0,"Curl pics.","No promo.","1/day.","'Curl day'.","Hair shots.","Niche easy."
r/Hair,https://www.reddit.com/r/Hair/,SFW,Hair styles,5,14 days,"Hair selfies.","No promo.","1/day.","'Hair day'.","Styled hair.","Broad appeal."
r/piercing,https://www.reddit.com/r/piercing/,SFW,Piercings,0,0,"Piercing pics.","No promo.","1/day.","'New piercing'.","Body art.","Mod fans."
r/tattoosaftercare,https://www.reddit.com/r/tattoosaftercare/,SFW,Tattoo healing,0,0,"Healing progress.","No promo.","1/day.","'Healing update'.","Tattoo focus.","Low req."
r/gingers,https://www.reddit.com/r/gingers/,SFW,Redheads,0,0,"Ginger pics.","No promo.","1/month.","'Ginger life'.","Red hair.","Niche."
r/altgirl,https://www.reddit.com/r/altgirl/,SFW,Alt women,0,0,"Alternative SFW.","No promo.","1/day.","'Alt vibe'.","Tattoo/piercing.","Alt males."
r/gothgirls,https://www.reddit.com/r/gothgirls/,SFW,Goth women,0,0,"SFW goth.","No promo.","1/day.","'Goth look'.","Alt fashion.","Niche fans."
r/SFWmonstergirls,https://www.reddit.com/r/SFWmonstergirls/,SFW,Cosplay SFW,0,0,"SFW cosplay.","No promo.","1/day.","'Cosplay day'.","Costume selfies.","Creative."
r/sfwcosplay,https://www.reddit.com/r/sfwcosplay/,SFW,Cosplay,0,0,"SFW cosplay.","No promo.","1/day.","'Character cos'.","Costume.","Cosplay males."
r/casualcosplay,https://www.reddit.com/r/casualcosplay/,SFW,Casual cosplay,0,0,"Everyday cosplay.","No promo.","1/day.","'Casual cos'.","Low effort cos.","Fun niche."
r/petitefitness,https://www.reddit.com/r/petitefitness/,SFW,Petite fitness,0,0,"Petite workouts.","No promo.","1/week.","'Petite gains'.","Small frame.","Niche fitness."
r/flexibility,https://www.reddit.com/r/flexibility/,SFW,Flexibility,0,0,"Stretch pics.","No promo.","1/week.","'Flex progress'.","Yoga/active.","Mobility."
r/plantbaseddiet,https://www.reddit.com/r/plantbaseddiet/,SFW,Vegan fitness,0,0,"Vegan meals.","No promo.","1/week.","'Plant gains'.","Kitchen selfie.","Health."
r/EatCheapAndHealthy,https://www.reddit.com/r/EatCheapAndHealthy/,SFW,Healthy eating,0,0,"Healthy meals.","No promo.","1/week.","'Clean eats'.","Food + selfie.","Easy."
r/mealprepsunday,https://www.reddit.com/r/mealprepsunday/,SFW,Meal prep,0,0,"Prep pics.","No promo.","1/week.","'Prep day'.","Kitchen.","Planning."
r/gardening,https://www.reddit.com/r/gardening/,SFW,Garden selfies,0,0,"Garden pics.","No promo.","1/week.","'Garden haul'.","Outdoor.","Nature fans."
r/hiking,https://www.reddit.com/r/hiking/,SFW,Hiking selfies,0,0,"Trail pics.","No promo.","1/week.","'Trail day'.","Activewear.","Outdoor males."
r/camping,https://www.reddit.com/r/camping/,SFW,Camping pics,0,0,"Camp selfies.","No promo.","1/month.","'Camp vibes'.","Outdoor gear.","Adventure."
r/beauty,https://www.reddit.com/r/beauty/,SFW,Beauty looks,0,0,"SFW beauty.","No promo.","1/day.","'Beauty routine'.","Glam SFW.","Fans."
r/makeup,https://www.reddit.com/r/makeup/,SFW,Makeup selfies,5,14 days,"SFW makeup.","No promo.","1/day.","'Daily glam'.","Face selfies.","Beauty."
r/naturalhair,https://www.reddit.com/r/naturalhair/,SFW,Natural hair,0,0,"Wash day pics.","No promo.","1/week.","'Wash day'.","Hair focus.","Community."
r/DIYfashion,https://www.reddit.com/r/DIYfashion/,SFW,DIY outfits,0,0,"Handmade clothes.","No promo.","1/week.","'DIY fit'.","Custom looks.","Creative."
r/slowfashion,https://www.reddit.com/r/slowfashion/,SFW,Sustainable fashion,0,0,"Ethical outfits.","No promo.","1/week.","'Sustainable'.","Eco looks.","Niche."
r/minimalism,https://www.reddit.com/r/minimalism/,SFW,Minimal outfits,0,0,"Simple looks.","No promo.","1/week.","'Minimal fit'.","Clean simple.","Lifestyle."
r/EDC,https://www.reddit.com/r/EDC/,SFW,Daily carry,0,0,"Everyday setup.","No promo.","1/week.","'EDC today'.","Lifestyle.","Prepper males."
r/Sneakers,https://www.reddit.com/r/Sneakers/,SFW,Sneaker fits,10,30 days,"Sneaker outfits.","No promo.","1/day.","'Sneaker fit'.","Footwear.","Hypebeast."
r/Watches,https://www.reddit.com/r/Watches/,SFW,Watches,10,30 days,"Wrist shots.","No promo.","1/week.","'New watch'.","Wrist selfie.","Luxury males."
r/coffee,https://www.reddit.com/r/coffee/,SFW,Coffee selfies,0,0,"Coffee pics.","No promo.","1/day.","'Morning coffee'.","Casual.","Daily life."
r/tea,https://www.reddit.com/r/tea/,SFW,Tea pics,0,0,"Tea time.","No promo.","1/day.","'Tea time'.","Cozy.","Relaxing."
r/books,https://www.reddit.com/r/books/,SFW,Book selfies,0,0,"Reading pics.","No promo.","1/week.","'Current read'.","Book + face.","Readers."
r/knitting,https://www.reddit.com/r/knitting/,SFW,Knitting pics,0,0,"Knitting progress.","No promo.","1/week.","'Knit progress'.","Cozy craft.","Creative."
r/crochet,https://www.reddit.com/r/crochet/,SFW,Crochet pics,0,0,"Crochet projects.","No promo.","1/week.","'Crochet day'.","Handmade.","Craft fans."
r/bulletjournal,https://www.reddit.com/r/bulletjournal/,SFW,Journal pics,0,0,"Planner spreads.","No promo.","1/week.","'Journal update'.","Stationery.","Organized."
r/stationery,https://www.reddit.com/r/stationery/,SFW,Stationery pics,0,0,"Pen pics.","No promo.","1/week.","'New pens'.","Office supply.","Niche."
r/plants,https://www.reddit.com/r/plants/,SFW,Plant pics,0,0,"Houseplants.","No promo.","1/week.","'Plant babies'.","Indoor plants.","Plant parents."
r/houseplants,https://www.reddit.com/r/houseplants/,SFW,Indoor plants,0,0,"Plant care.","No promo.","1/week.","'Plant update'.","Green thumb.","Home decor."
r/Aquariums,https://www.reddit.com/r/Aquariums/,SFW,Aquarium pics,0,0,"Fish tanks.","No promo.","1/week.","'Tank pic'.","Aquarium.","Fish fans."
r/macrame,https://www.reddit.com/r/macrame/,SFW,Macrame pics,0,0,"Macrame projects.","No promo.","1/week.","'Macrame make'.","Knot art.","Craft."
r/candlemaking,https://www.reddit.com/r/candlemaking/,SFW,Candle pics,0,0,"Candles.","No promo.","1/week.","'New candle'.","Home scent.","Cozy."
r/soapmaking,https://www.reddit.com/r/soapmaking/,SFW,Soap pics,0,0,"Handmade soap.","No promo.","1/week.","'Soap batch'.","Bath products.","Clean."
r/DIY,https://www.reddit.com/r/DIY/,SFW,DIY projects,0,0,"Home projects.","No promo.","1/week.","'DIY project'.","Handyman.","Home."
r/woodworking,https://www.reddit.com/r/woodworking/,SFW,Wood projects,0,0,"Woodworking.","No promo.","1/month.","'Wood project'.","Carpentry.","Makers."
r/sewing,https://www.reddit.com/r/sewing/,SFW,Sewing pics,0,0,"Sewn clothes.","No promo.","1/week.","'Sewn outfit'.","Handmade.","Tailor fans."
r/upcycling,https://www.reddit.com/r/upcycling/,SFW,Upcycled fashion,0,0,"Repurposed.","No promo.","1/week.","'Upcycled fit'.","Sustainable.","Eco."
r/vintageclothing,https://www.reddit.com/r/vintageclothing/,SFW,Vintage outfits,0,0,"Vintage looks.","No promo.","1/week.","'Vintage find'.","Retro.","Thrift."
r/thriftstorehauls,https://www.reddit.com/r/thriftstorehauls/,SFW,Thrift hauls,0,0,"Thrift finds.","No promo.","1/week.","'Thrift haul'.","Secondhand.","Budget."
r/bulbaporn,https://www.reddit.com/r/bulbaporn/,SFW,Pokemon cosplay,0,0,"Pokemon cos.","No promo.","1/week.","'Poke cos'.","Pokemon.","Nerd males."
r/gaming,https://www.reddit.com/r/gaming/,SFW,Gaming selfies,0,0,"Gamer pics.","No promo.","1/week.","'Gaming setup'.","Gamer girl.","Gamers."
r/pcgaming,https://www.reddit.com/r/pcgaming/,SFW,PC gaming,0,0,"PC setup.","No promo.","1/week.","'PC pic'.","Tech.","PC males."
r/consoles,https://www.reddit.com/r/consoles/,SFW,Console gaming,0,0,"Console pics.","No promo.","1/week.","'Console setup'.","Gaming.","Console fans."
r/amiibo,https://www.reddit.com/r/amiibo/,SFW,Amiibo collection,0,0,"Figure collection.","No promo.","1/week.","'Amiibo haul'.","Nintendo.","Collectors."
r/nes,https://www.reddit.com/r/nes/,SFW,NES collection,0,0,"Retro gaming.","No promo.","1/week.","'NES setup'.","Retro.","Nostalgia."
r/snes,https://www.reddit.com/r/snes/,SFW,SNES collection,0,0,"SNES pics.","No promo.","1/week.","'SNES games'.","Retro.","Collectors."
r/n64,https://www.reddit.com/r/n64/,SFW,N64 collection,0,0,"N64 setup.","No promo.","1/week.","'N64 nostalgia'.","Retro.","90s kids."
r/gamecollecting,https://www.reddit.com/r/gamecollecting/,SFW,Game collection,0,0,"Game hauls.","No promo.","1/week.","'Game haul'.","Collectors.","Gaming males."
r/videogames,https://www.reddit.com/r/videogames/,SFW,Gaming discussion,0,0,"Game opinions.","No promo.","Comments.","Game talk.","Engage.","Broad gaming."
